Workbook

Sheet INICIO
B2: WPRINTER | ASSISTENTE TÉCNICO
B3: Consulta inteligente de erros, diagnósticos, procedimentos e Part Numbers
B5: ⌂ INÍCIO | D5: CONSULTA TÉCNICA
B6: ⌕ CONSULTAR ERRO
B7: ▣ EQUIPAMENTOS | D7: MARCA | G7: MODELO
B8: ⚙ PEÇAS / PART NUMBER | D8: Brother | G8: DCP-7065DN
D10: CÓDIGO DE ERRO | G10: 🔎 CONSULTAR
D11: E4
D13: =IF(COUNTIFS(BASE_ERROS!B:B,D8,BASE_ERROS!C:C,G8,BASE_ERROS!D:D,D11)>0,"● ERRO CADASTRADO","● NÃO ENCONTRADO")
B15: DESCRIÇÃO DO ERRO
B16: =IFERROR(INDEX(BASE_ERROS!E:E,MATCH(1,(BASE_ERROS!B:B=D8)*(BASE_ERROS!C:C=G8)*(BASE_ERROS!D:D=D11),0)),"")
B22: POSSÍVEIS CAUSAS | G22: PROCEDIMENTO DE DIAGNÓSTICO
B23: =IFERROR(INDEX(BASE_ERROS!F:F,MATCH(1,(BASE_ERROS!B:B=D8)*(BASE_ERROS!C:C=G8)*(BASE_ERROS!D:D=D11),0)),"") | G23: =IFERROR(INDEX(BASE_ERROS!G:G,MATCH(1,(BASE_ERROS!B:B=D8)*(BASE_ERROS!C:C=G8)*(BASE_ERROS!D:D=D11),0)),"")
B30: OBSERVAÇÕES TÉCNICAS
B31: =IFERROR(INDEX(BASE_ERROS!H:H,MATCH(1,(BASE_ERROS!B:B=D8)*(BASE_ERROS!C:C=G8)*(BASE_ERROS!D:D=D11),0)),"")
B37: PEÇAS RELACIONADAS / PART NUMBER
B38: =IFERROR(FILTER(BASE_PECAS!D:H,(BASE_PECAS!B:B=D8)*(BASE_PECAS!C:C=G8)*(BASE_PECAS!G:G=D11)),"Nenhuma peça relacionada cadastrada.")
B44: Base técnica separada da interface • Cadastre novos erros e peças nas abas de base

Sheet BASE_ERROS
A1: ID | B1: Marca | C1: Modelo | D1: Código de erro | E1: Descrição | F1: Causa provável | G1: Procedimento de diagnóstico | H1: Observações | I1: CHAVE
A2: 1 | B2: Brother | C2: DCP-7065DN | D2: E4 | E2: Atolamento de papel | F2: Sensor de passagem, mecanismo de tração ou encoder | G2: Verificar sensores, caminho do papel e realizar teste de impressão. | H2: Cadastrar conforme diagnóstico confirmado. | I2: =IF(OR(B2="",C2="",D2=""),"",UPPER(TRIM(B2))&"|"&UPPER(TRIM(C2))&"|"&UPPER(TRIM(D2)))
A3: 2 | B3: Brother | C3: DCP-L3551CDW | D3: 50 | E3: Falha relacionada ao fusor | F3: Unidade fusora, termistor ou alimentação | G3: Verificar fusor, conexões, termistor e alimentação. | H3: Exemplo inicial. | I3: =IF(OR(B3="",C3="",D3=""),"",UPPER(TRIM(B3))&"|"&UPPER(TRIM(C3))&"|"&UPPER(TRIM(D3)))
I4: =IF(OR(B4="",C4="",D4=""),"",UPPER(TRIM(B4))&"|"&UPPER(TRIM(C4))&"|"&UPPER(TRIM(D4)))
I5: =IF(OR(B5="",C5="",D5=""),"",UPPER(TRIM(B5))&"|"&UPPER(TRIM(C5))&"|"&UPPER(TRIM(D5)))
I6: =IF(OR(B6="",C6="",D6=""),"",UPPER(TRIM(B6))&"|"&UPPER(TRIM(C6))&"|"&UPPER(TRIM(D6)))
I7: =IF(OR(B7="",C7="",D7=""),"",UPPER(TRIM(B7))&"|"&UPPER(TRIM(C7))&"|"&UPPER(TRIM(D7)))
I8: =IF(OR(B8="",C8="",D8=""),"",UPPER(TRIM(B8))&"|"&UPPER(TRIM(C8))&"|"&UPPER(TRIM(D8)))
I9: =IF(OR(B9="",C9="",D9=""),"",UPPER(TRIM(B9))&"|"&UPPER(TRIM(C9))&"|"&UPPER(TRIM(D9)))
I10: =IF(OR(B10="",C10="",D10=""),"",UPPER(TRIM(B10))&"|"&UPPER(TRIM(C10))&"|"&UPPER(TRIM(D10)))
I11: =IF(OR(B11="",C11="",D11=""),"",UPPER(TRIM(B11))&"|"&UPPER(TRIM(C11))&"|"&UPPER(TRIM(D11)))
I12: =IF(OR(B12="",C12="",D12=""),"",UPPER(TRIM(B12))&"|"&UPPER(TRIM(C12))&"|"&UPPER(TRIM(D12)))
I13: =IF(OR(B13="",C13="",D13=""),"",UPPER(TRIM(B13))&"|"&UPPER(TRIM(C13))&"|"&UPPER(TRIM(D13)))
I14: =IF(OR(B14="",C14="",D14=""),"",UPPER(TRIM(B14))&"|"&UPPER(TRIM(C14))&"|"&UPPER(TRIM(D14)))
I15: =IF(OR(B15="",C15="",D15=""),"",UPPER(TRIM(B15))&"|"&UPPER(TRIM(C15))&"|"&UPPER(TRIM(D15)))
... I500: =IF(OR(B500="",C500="",D500=""),"",UPPER(TRIM(B500))&"|"&UPPER(TRIM(C500))&"|"&UPPER(TRIM(D500)))
A501: 3 | B501: Brother | C501: DCP-7065DN | D501: E4-TESTE | E501: Atolamento de papel (teste de tolerância) | F501: Sensor de passagem, mecanismo de tração ou encoder | G501: Verificar sensores, caminho do papel e realizar teste de impressão. | H501: Registro de teste — pode ser removido.

Sheet BASE_PECAS
A1: ID | B1: Marca | C1: Modelo | D1: Part Number | E1: Peça | F1: Categoria | G1: Código de erro relacionado | H1: Observações
A2: 1 | B2: Brother | C2: DCP-7065DN | D2: CADASTRAR | E2: Sensor de passagem de papel | F2: Sensor | G2: E4 | H2: Preencher Part Number correto.
A3: 2 | B3: Brother | C3: DCP-7065DN | D3: CADASTRAR | E3: Sensor/encoder | F3: Sensor | G3: E4 | H3: Preencher Part Number correto.
A4: 3 | B4: Brother | C4: DCP-L3551CDW | D4: CADASTRAR | E4: Unidade fusora | F4: Fusor | G4: 50 | H4: Preencher Part Number correto.

Sheet EQUIPAMENTOS
A1: ID | B1: Marca | C1: Modelo | D1: Tecnologia | E1: Formato | F1: Observações
A2: 1 | B2: Brother | C2: DCP-7065DN | D2: Laser | E2: A4
A3: 2 | B3: Brother | C3: DCP-7360 | D3: Laser | E3: A4
A4: 3 | B4: Brother | C4: DCP-8080 | D4: Laser | E4: A4
A5: 4 | B5: Brother | C5: DCP-8085 | D5: Laser | E5: A4
A6: 5 | B6: Brother | C6: DCP-8890 | D6: Laser | E6: A4
A7: 6 | B7: Brother | C7: DCP-5350 | D7: Laser | E7: A4
A8: 7 | B8: Brother | C8: DCP-2540 | D8: Laser | E8: A4
A9: 8 | B9: Brother | C9: DCP-2740 | D9: Laser | E9: A4
A10: 9 | B10: Brother | C10: DCP-2360 | D10: Laser | E10: A4
A11: 10 | B11: Samsung | C11: 4070 | D11: Laser | E11: A4
A12: 11 | B12: Samsung | C12: 4020 | D12: Laser | E12: A4

Sheet ADMIN
A1: ÁREA ADMINISTRATIVA
A2: Esta aba é destinada ao cadastro e manutenção da base.
A3: Fluxo recomendado:
A4: 1. Cadastre o equipamento em EQUIPAMENTOS.
A5: 2. Cadastre o código de erro em BASE_ERROS.
A6: 3. Cadastre as peças e Part Numbers em BASE_PECAS.
A7: 4. Relacione o código de erro às peças correspondentes.
